USE ITSOL;
-- -------------------------------------------------
DELETE FROM CHITIETDATHANG;
DELETE FROM DONDATHANG;
DELETE FROM NHANVIEN;
DELETE FROM KHACHHANG;
DELETE FROM MATHANG;
DELETE FROM LOAIHANG;
DELETE FROM NHACUNGCAP;
-- -------------------------------------------------
-- INSERT INTO NHACUNGCAP VALUES ('maCongTy','tenCongTy','tenGiaoDich','diaChi', 'dienThoai','fax','email');
INSERT INTO NHACUNGCAP VALUES ('CTY_001', 'FOODINE','NCC_001','HUE','0978626172','029442424','FOODINE@GMAIL.COM');
INSERT INTO NHACUNGCAP VALUES ('CTY_002', 'MEATLY','NCC_002','HANOI','0912662124','022435235','MEATLY@GMAIL.COM');
INSERT INTO NHACUNGCAP VALUES ('CTY_003', 'NUTRITY','NCC_003','NGHEAN','091579721','53325235','NUTRITY@GMAIL.COM');
INSERT INTO NHACUNGCAP VALUES ('CTY_004', 'FOODCHICK','NCC_004','HAIPHONG','0954566447','67656854','FOODCHICK@GMAIL.COM');
INSERT INTO NHACUNGCAP VALUES ('CTY_005', 'FOODFEVER','NCC_005','TIENGIANG','0975412212','243532153','FOODFEVER@GMAIL.COM');
-- INSERT INTO LOAIHANG VALUES ('maLoaiHang','tenLoaiHang');
INSERT INTO LOAIHANG VALUES ( 1000, 'THUC AN');
INSERT INTO LOAIHANG VALUES ( 1001, 'NUOC GIAI KHAT');
INSERT INTO LOAIHANG VALUES ( 1002, 'GIAY');
INSERT INTO LOAIHANG VALUES ( 1003, 'QUAN AO');
-- INSERT INTO MATHANG VALUES ('maHang', 'tenHang', 'maCongty', 'maLoaiHang', 'soLuong', 'donViTinh','giaHang')
INSERT INTO MATHANG VALUES ('MH001', 'PESSI', 'CTY_001', 1001, 240, 'CHAI', 10000);
INSERT INTO MATHANG VALUES ('MH002', 'COCACOLA', 'CTY_002', 1001, 360, 'CHAI', 10000);
INSERT INTO MATHANG VALUES ('MH003', 'NIKE', 'CTY_004', 1002, 10, 'DOI', 710000);
INSERT INTO MATHANG VALUES ('MH004', 'ADIDAS', 'CTY_003', 1002, 12, 'DOI', 899000);
INSERT INTO MATHANG VALUES ('MH005', 'SOMI', 'CTY_005', 1003, 30, 'BO', 320000);
INSERT INTO MATHANG VALUES ('MH006', 'BANHMY', 'CTY_002', 1000, 70, 'CAI', 14000);
INSERT INTO MATHANG VALUES ('MH007', 'SNACK', 'CTY_001', 1000, 160, 'GOI', 12000);
INSERT INTO MATHANG VALUES ('MH008', 'KINH', 'CTY_001', 1003, 35, 'CHIEC', 45000);
INSERT INTO MATHANG VALUES ('MH009', 'NUTRI', 'CTY_001', 1001, 35, 'CHAI', 12000);
-- INSERT INTO KHACHHANG VALUES ('maKhachHang','tenCongTy','tenGiaoDich','diaChi','email','dienThoai','fax')
INSERT INTO KHACHHANG VALUES ('KH0011','FOODINE','NCC_001','HUE 224','FOODINE@GMAIL.COM','0978626172','029442424');
INSERT INTO KHACHHANG VALUES ('KH0012','FOODINE','NCC_001','HUE 224','FOODINE@GMAIL.COM','0978626172','029442424');
INSERT INTO KHACHHANG VALUES ('KH0013','RANKAI','NCC_009','QUNAG TRI 642','RANKAI@GMAIL.COM','095458782','02944888');
INSERT INTO KHACHHANG VALUES ('KH0014','FOODCHICK','NCC_004','HAI PHONG 516','FOODCHICK@GMAIL.COM','0954566447','67656854');
INSERT INTO KHACHHANG VALUES ('KH0015','NUTRITY','NCC_003','NGHE AN 241','NUTRITY@GMAIL.COM','0954566999','67656999');
INSERT INTO KHACHHANG VALUES ('KH0016','FOODFEVER','NCC_005','TPHCM 422','FOODFEVER@GMAIL.COM','0975412212','243532153');
INSERT INTO KHACHHANG VALUES ('KH0017','FOODCHICK','NCC_004','HAI PHONG 516','FOODCHICK@GMAIL.COM','0954566447','fax67656854');
INSERT INTO KHACHHANG VALUES ('KH0018','BANDAI','NCC_006','HUE 901','BANDAI@GMAIL.COM','0954566447','fax6765124');
INSERT INTO KHACHHANG VALUES ('KH0019','SUZUKI','NCC_007','HA TINH 157','SUZUKI@GMAIL.COM','0954566447','fax66854');
-- INSERT INTO NHANVIEN VALUES ('maNhanVien','ho','ten','ngaySinh','ngayLamViec','diaChi','dienThoai','luongCoBan','phuCap');
INSERT INTO NHANVIEN VALUES ('NV001','TRAN','HONG','1997-4-14','2020-12-25','NGHE AN','0375115451','6400000','1000000');
INSERT INTO NHANVIEN VALUES ('NV002','NGUYEN','ANH','1998-4-15','2020-12-20','NAM DINH','0375115252','5600000','1000000');
INSERT INTO NHANVIEN VALUES ('NV003','VU','DAT','1999-5-16','2020-11-15','HUE','0375115757','7400000','500000');
-- INSERT INTO DONDATHANG VALUES ('soHoaDon','maKhachHang','maNhanVien','ngayDatHang','ngayGiaoHang','ngayChuyenHang','noiGiaoHang')
INSERT INTO DONDATHANG VALUES ('97760','KH0019','NV002','2020-12-27',NULL,'2020-12-27','HANOI');
INSERT INTO DONDATHANG VALUES ('97761','KH0015','NV001','2020-12-24',NULL,'2020-12-25','TPHCM');
INSERT INTO DONDATHANG VALUES ('97762','KH0015','NV003','2020-12-24',NULL,'2020-12-25','HUE');
INSERT INTO DONDATHANG VALUES ('97763','KH0014','NV001','2020-12-20','2020-12-29','2020-12-23','NINHBINH');
INSERT INTO DONDATHANG VALUES ('97764','KH0018','NV003','2020-12-27','2020-12-30','2020-12-28','NINHBINH');
INSERT INTO DONDATHANG VALUES ('97765','KH0013','NV001','2020-12-21','2020-12-24','2020-12-21','NGHEAN');
INSERT INTO DONDATHANG VALUES ('97766','KH0019','NV002','2020-11-22','2020-12-24','2020-12-23',NULL);
INSERT INTO DONDATHANG VALUES ('97767','KH0019','NV002','2020-11-22','2020-12-24','2020-12-23',NULL);
-- INSERT INTO CHITIETDATHANG VALUES ('soHoaDon','maHang','giaBan','soLuong','mucGiamGia');
INSERT INTO CHITIETDATHANG VALUES ('9776','MH007',15000,12,0);
INSERT INTO CHITIETDATHANG VALUES ('97761','MH006',13000,12,0);
INSERT INTO CHITIETDATHANG VALUES ('97761','MH005',350000,4,10);
INSERT INTO CHITIETDATHANG VALUES ('97762','MH003',750000,2,5);
INSERT INTO CHITIETDATHANG VALUES ('97762','MH004',960000,3,7);
INSERT INTO CHITIETDATHANG VALUES ('97763','MH002',11000,20,0);
INSERT INTO CHITIETDATHANG VALUES ('97763','MH001',11000,30,0);
INSERT INTO CHITIETDATHANG VALUES ('97763','MH006',13000,10,0);
INSERT INTO CHITIETDATHANG VALUES ('97764','MH002',11000,30,0);
INSERT INTO CHITIETDATHANG VALUES ('97764','MH005',350000,3,8);
INSERT INTO CHITIETDATHANG VALUES ('97765','MH005',350000,2,8);
INSERT INTO CHITIETDATHANG VALUES ('97765','MH007',15000,15,0);
INSERT INTO CHITIETDATHANG VALUES ('97766','MH006',13000,12,0);
